phase,step,elapsed_seconds,combined_training_elapsed_seconds,train_nll,train_ppl,validation_nll,validation_ppl,learning_rate,tokens_per_second
initial,1,2.6894060596823692,2.6894060596823692,9.185302734375,9752.732043936321,9.16455078125,9552.429330187657,1e-06,12184.102836397286
initial,100,24.81645568460226,24.81645568460226,6.27569580078125,531.4960685086406,6.587059020996094,725.6436259762447,0.0001,132041.41806733262
initial,200,47.08312680572271,47.08312680572271,6.527740478515625,683.8512878193708,6.210102081298828,497.75205987022576,0.0002,139192.11498084795
initial,300,69.48209762573242,69.48209762573242,6.078765869140625,436.4901761808611,6.006166458129883,405.92420627804887,0.0003,141481.04815360886
initial,400,91.66208481788635,91.66208481788635,7.1134796142578125,1228.4145267648971,5.937985420227051,379.17029078554896,0.0004,142994.78378700747
initial,500,113.71063883602619,113.71063883602619,6.17193603515625,479.1127879567655,5.897534132003784,364.13844255032,0.0005,144085.02289417412
initial,600,137.70332638174295,137.70332638174295,5.159244537353516,174.03293055194356,5.74671745300293,313.16100554685516,0.0004999865325544839,142776.50741345255
initial,700,160.04202702641487,160.04202702641487,5.4162750244140625,225.0392934278223,5.621484994888306,276.29938190624506,0.0004999461317452795,143322.3536728522
initial,800,182.37357901781797,182.37357901781797,5.352949142456055,211.23032851717113,5.531514286994934,252.52601850600672,0.0004998788021542455,143740.1192715467
initial,900,204.74058850854635,204.74058850854635,5.3693695068359375,214.72744083238172,5.479596316814423,239.74990483146618,0.0004997845514172352,144041.785826795
initial,1000,227.1210561618209,227.1210561618209,5.042987823486328,154.93223433571748,5.437862992286682,229.950252554396,0.0004996633902232309,144275.48266001904
initial,1100,249.43238094449043,249.43238094449043,5.406562805175781,222.86424185885352,5.378233909606934,216.63933272448583,0.000499515332313132,144507.30038944518
initial,1200,271.6291636452079,271.6291636452079,5.165630340576172,175.1478265653434,5.31825590133667,204.02772701257223,0.0004993403944781961,144762.0699939291
initial,1300,294.00242292135954,294.00242292135954,5.2005157470703125,181.36575661573113,5.297109365463257,199.758545650964,0.0004991385965581349,144891.32292421386
initial,1400,316.42085211724043,316.42085211724043,5.167072296142578,175.40056412317568,5.198857307434082,181.06522173466723,0.0004989099614388639,144981.59553341413
initial,1500,338.7367954328656,338.7367954328656,5.254005432128906,191.33109942972635,5.224207401275635,185.7139155640426,0.0004986545150499075,145103.81116757495
initial,1600,360.61344377696514,360.61344377696514,5.359947204589844,212.71371584521327,5.1811745166778564,177.89162502201944,0.0004983722863614581,145387.8131965223
initial,1700,382.4769132435322,382.4769132435322,5.089924335479736,162.3775753673202,5.13386344909668,169.67137009787936,0.0004980633073810901,145644.34628902926
initial,1800,404.48282653838396,404.48282653838396,5.133401155471802,169.59295023305722,5.143306255340576,171.281132345954,0.0004977276131501306,145821.76579603876
initial,1900,425.99442429840565,425.99442429840565,5.128854751586914,168.82366225727344,5.1439173221588135,171.38582854745027,0.000497365241739685,146150.26969552055
initial,2000,447.9061813130975,447.9061813130975,4.82928466796875,125.12142527152699,5.050491452217102,156.09916091725637,0.0004969762342463193,146316.3553757449
initial,2100,473.957934319973,473.957934319973,4.566648483276367,96.22108219291253,5.056304752826691,157.00925502688364,0.0004965606347873998,145187.56838353485
initial,2200,495.97213719040155,495.97213719040155,5.02915096282959,152.80322198961701,5.061885833740234,157.88798623743145,0.0004961184904960891,145350.10052858092
initial,2300,517.9316556975245,517.9316556975245,5.134441375732422,169.76945604249173,5.045514851808548,155.32424758558903,0.000495649851516001,145514.17966237318
initial,2400,539.9705572798848,539.9705572798848,5.304351806640625,201.2105368010016,5.041086196899414,154.6378910339588,0.000495154770995514,145643.49655686243
initial,2500,562.4059262052178,562.4059262052178,4.858757972717285,128.8640500054583,4.955896735191345,142.00989456250264,0.0004946333050817434,145659.91605520173
initial,2600,584.836747713387,584.836747713387,4.741035461425781,114.55275525002023,5.0312840938568115,153.1295191771021,0.0004940855129141734,145676.20850280888
initial,2700,606.6320406273007,606.6320406273007,4.4570465087890625,86.23244584730168,4.980885565280914,145.6032657744934,0.0004935114566179511,145843.92856749208
initial,2800,628.5850201100111,628.5850201100111,4.434144973754883,84.28003243254267,4.94334614276886,140.2387241241446,0.0004929112012968395,145963.3893024406
initial,2900,650.8902867585421,650.8902867585421,5.186702728271484,178.8777708658431,4.95159325003624,141.4000702155481,0.0004922848150258352,145995.72605890158
initial,3000,672.6387411504984,672.6387411504984,4.882890224456787,132.01165636152663,4.9052223563194275,134.9929231994268,0.0004916323688434475,146146.80063158175
initial,3100,695.1698779165745,695.1698779165745,4.543666839599609,94.03497989584272,4.882122725248337,131.91037639088321,0.000490953936743642,146123.70763882616
initial,3200,717.8333466053009,717.8333466053009,5.307355880737305,201.81589698074802,4.948089957237244,140.90557106119914,0.0004902495956674489,146075.13080282646
initial,3300,739.7790397405624,739.7790397405624,4.639636516571045,103.50671776809399,4.907256841659546,135.2678438889243,0.0004895194254942371,146171.2135530662
initial,3400,761.7176567986608,761.7176567986608,5.016484260559082,150.87991575978677,4.901907533407211,134.54618640037074,0.0004887635090326554,146263.1186314334
initial,3500,783.638149574399,783.638149574399,4.378087401390076,79.68548122542165,4.863524317741394,129.4797266270088,0.00048798193201124055,146353.26274287194
initial,3600,805.4853969812393,805.4853969812393,5.728340148925781,307.45850926576463,4.833448886871338,125.64354463092077,0.0004871747830686955,146451.8170560298
initial,3700,827.9254004731774,827.9254004731774,4.277371406555176,72.05079861452586,4.826994597911835,124.83521628643085,0.0004863421537438362,146440.24682744095
initial,3800,850.4251480847597,850.4251480847597,4.6412858963012695,103.67758052036754,4.827027380466461,124.83930877080874,0.0004854841384652106,146419.0002852427
initial,3900,872.4957447871566,872.4957447871566,4.835283279418945,125.87423573718021,4.793604671955109,120.73579815048926,0.0004846008345403894,146470.85760994212
initial,4000,894.8772554546595,894.8772554546595,5.157330513000488,173.70014586523186,4.751096546649933,115.71109760269056,0.0004836923421449304,146469.2494988113
initial,4100,917.2989691793919,917.2989691793919,4.704925537109375,110.49005723209918,4.787957310676575,120.05588115456982,0.0004827587643110174,146461.30052908196
initial,4200,939.2009471282363,939.2009471282363,4.666335105895996,106.30742218336982,4.743394315242767,114.82328740144597,0.0004818002069157755,146534.77556726625
initial,4300,961.8014173954725,961.8014173954725,4.206813335418701,67.14223874454177,4.729344487190247,113.22131999231839,0.0004808167786692637,146498.43247430347
initial,4400,984.1058566123247,984.1058566123247,4.7415971755981445,114.61711923151536,4.696727931499481,109.58800570197607,0.0004798085911021458,146507.81623871328
initial,4500,1006.3767673000693,1006.3767673000693,4.848535537719727,127.55345577578831,4.745696485042572,115.08793462054805,0.0004787757585530419,146521.66543510175
initial,4600,1028.3749907687306,1028.3749907687306,3.574376106262207,35.67235811075931,4.760160654783249,116.7646831970949,0.00047771839815556106,146573.77061194793
initial,4700,1050.553330257535,1050.553330257535,4.711968421936035,111.27097270060177,4.703709036111832,110.3557276898347,0.0004766366298250173,146598.55484180487
initial,4800,1072.6718045845628,1072.6718045845628,4.3020782470703125,73.85311934903963,4.699810296297073,109.92631704461958,0.00047553057624483006,146630.49716396318
initial,4900,1094.724170319736,1094.724170319736,4.675025939941406,107.23534873462937,4.673450291156769,107.06651653278183,0.0004744003628526105,146670.0054252975
initial,5000,1117.1703238040209,1117.1703238040209,4.7478251457214355,115.333178709707,4.643389016389847,103.89585637240474,0.0004732461178259358,146656.2407799346
initial,5100,1141.3291348442435,1141.3291348442435,4.754404544830322,116.09450350639759,4.691107302904129,108.97378000769389,0.0004720679720678122,146422.96853554546
initial,5200,1163.3986334502697,1163.3986334502697,4.953939437866211,141.73221081920767,4.662058234214783,105.85372986341275,0.0004708660591918298,146461.92207968034
initial,5300,1185.3795518502593,1185.3795518502593,4.505978584289551,90.55691828066445,4.590028464794159,98.49723382552935,0.000469640515507009,146510.37275690964
initial,5400,1207.949034973979,1207.949034973979,4.255807876586914,70.51376059995496,4.666300520300865,106.30374554148656,0.00046839148000234177,146485.6503683632
initial,5500,1230.4365170523524,1230.4365170523524,4.157132148742676,63.888038231984055,4.605552241206169,100.0382128210468,0.00046711909433102893,146471.5956510675
initial,5600,1252.470204912126,1252.470204912126,4.604086875915527,99.89172764959616,4.624590992927551,101.9610617577944,0.0004658235027944155,146511.11002906013
initial,5700,1274.8189652487636,1274.8189652487636,4.801327228546143,121.67179668334687,4.6219881772994995,101.69602098855643,0.0004645048523256251,146513.03839330073
initial,5800,1296.8578256815672,1296.8578256815672,4.357657432556152,78.07402636296175,4.563946083188057,95.96140536527231,0.0004631632924728963,146549.91182253644
initial,5900,1319.3744689300656,1319.3744689300656,4.4512224197387695,85.7316800713962,4.5597971975803375,95.56409723456204,0.00046179897538262257,146532.4701612425
initial,6000,1341.9358954280615,1341.9358954280615,4.498495101928711,89.88176657384965,4.563617527484894,95.92988187715048,0.0004604120557820973,146510.72429751526
initial,6100,1365.6757505312562,1365.6757505312562,4.541647911071777,93.84532151010143,4.545447662472725,94.20258873544661,0.000459002690961966,146363.29298681885
initial,6200,1388.316677995026,1388.316677995026,4.919058799743652,136.87372695520912,4.56232276558876,95.80575589553152,0.000457571040758388,146336.64150271617
initial,6300,1410.1527668461204,1410.1527668461204,5.203546524047852,181.9162695950281,4.5350799560546875,93.23096938690723,0.0004561172675349095,146394.35162880272
initial,6400,1432.6753657013178,1432.6753657013178,4.387096405029297,80.40661147091093,4.529771476984024,92.73736603784562,0.00045464153616405005,146380.12561718127
initial,6500,1455.3550474867225,1455.3550474867225,4.306386828422546,74.17200800741743,4.506501242518425,90.60426097013071,0.00045314401400860384,146350.54199854497
initial,6600,1477.7861724570394,1477.7861724570394,4.985642433166504,146.29753122887436,4.543876767158508,94.0547225018094,0.0004516248709026598,146346.47693341246
initial,6700,1499.6615515202284,1499.6615515202284,3.9117212295532227,49.984913482741796,4.492700412869453,89.36243581777403,0.0004500842791323401,146396.76517507798
initial,6800,1522.1772829517722,1522.1772829517722,4.756274223327637,116.31176594542485,4.471280008554459,87.46861196031549,0.0004485224134162612,146384.00040231043
initial,6900,1544.38148535043,1544.38148535043,4.221206426620483,68.1156112260509,4.501211419701576,90.12624590530547,0.00044693945088571964,146401.1334924134
initial,7000,1565.8938272371888,1565.8938272371888,4.089957237243652,59.73733711633302,4.464675113558769,86.89279466260983,0.0004453355710646027,146482.47282812488
initial,7100,1590.382288865745,1590.382288865745,4.323638916015625,75.46273181308764,4.457435622811317,86.26600663021635,0.0004437109558490293,146287.3433820287
initial,7200,1612.5917690843344,1612.5917690843344,4.013368844985962,55.33296510768845,4.446701154112816,85.34493931089504,0.00044206578948672063,146304.60388246065
initial,7300,1635.0454011932015,1635.0454011932015,4.177400588989258,65.19616114071063,4.472845613956451,87.60566054571464,0.0004404002585561049,146299.54607097464
initial,7400,1657.133351355791,1657.133351355791,4.427521228790283,83.7236277677064,4.427175730466843,83.69470639111155,0.0004387145519451573,146326.90833336452
initial,7500,1679.6900227889419,1679.6900227889419,3.831047773361206,46.11082662795443,4.473642274737358,87.67548034731296,0.0004370088608299785,146312.7104797243
initial,7600,1701.9484844654799,1701.9484844654799,4.867809534072876,130.03576578931398,4.468714401125908,87.24448946780846,0.00043528337865311295,146324.52290599936
initial,7700,1724.0251059904695,1724.0251059904695,4.718029499053955,111.94744264443918,4.410929247736931,82.34594774788296,0.0004335383011016108,146351.46502408
initial,7800,1746.4000165537,1746.4000165537,4.582442760467529,97.75288968931251,4.45254410803318,85.84506554302632,0.000431773826084835,146352.7242197211
initial,7900,1768.27620254457,1768.27620254457,4.775730133056641,118.59687451525556,4.462059274315834,86.66579410832186,0.0004299901537120163,146395.22922238454
initial,8000,1790.1676654443145,1790.1676654443145,3.7043144702911377,40.62219005135891,4.449920281767845,85.62011824567213,0.0004281874862695589,146435.44571839678
initial,8100,1813.6081369295716,1813.6081369295716,4.362810134887695,78.4773568091206,4.4118362963199615,82.4206734078847,0.00042636602819809915,146349.58599676107
initial,8200,1835.0629919171333,1835.0629919171333,4.111898422241211,61.06253006951557,4.445057719945908,85.20479571159103,0.0004245259860693198,146424.18335693495
initial,8300,1857.1767736896873,1857.1767736896873,4.109330177307129,60.905907744337426,4.418968021869659,83.01057604181808,0.00042266756856252296,146445.0793554043
initial,8400,1879.0487804412842,1879.0487804412842,4.312860012054443,74.65369437578207,4.3923463225364685,80.82984955859354,0.00042079098644096357,146484.32912708033
initial,8500,1901.6791147887707,1901.6791147887707,4.221604824066162,68.14275371796492,4.369594380259514,79.01157654372888,0.00041889645252794674,146464.24721919373
initial,8600,1923.793997630477,1923.793997630477,4.072040557861328,58.676573457186755,4.3666024804115295,78.77553510213167,0.0004169841816826912,146483.87527307856
initial,8700,1945.938409857452,1945.938409857452,4.252086400985718,70.25183304113781,4.342953026294708,76.93439350727276,0.0004150543907759629,146500.83402222552
initial,8800,1968.4106230735779,1968.4106230735779,3.5982329845428467,36.53362190020489,4.329559579491615,75.91084651227158,0.00041310729866547865,146493.01147833795
initial,8900,1991.0737547129393,1991.0737547129393,4.096256732940674,60.114840004970084,4.321003973484039,75.26415358748268,0.0004111431261710861,146471.31946252094
initial,9000,2017.075736656785,2017.075736656785,3.87298321723938,48.08562217944344,4.348406687378883,77.35511380536705,0.0004091620960497206,146207.6979265061
initial,9100,2040.4170679599047,2040.4170679599047,4.097908854484558,60.21423911434527,4.37140229344368,79.15455181916327,0.00040716443297014184,146141.10256298815
initial,9200,2062.4333059489727,2062.4333059489727,4.034067511558533,56.49021919413,4.374305814504623,79.38471270423203,0.0004051503634874545,146169.86601721347
initial,9300,2084.2279836833477,2084.2279836833477,3.635702610015869,37.92849247612927,4.333852455019951,76.23742280174655,0.0004031201160174146,146213.56319256622
initial,9400,2106.106836669147,2106.106836669147,4.555232524871826,95.12887249295551,4.323111310601234,75.42292776853641,0.00040107392081052483,146250.51048556442
initial,9500,2128.2634640708566,2128.2634640708566,4.620664119720459,101.56145870497272,4.294291779398918,73.28029744654509,0.0003990120099259217,146267.60514159538
initial,9600,2151.0869766920805,2151.0869766920805,3.740450382232666,42.11695462210486,4.341698721051216,76.83795478853077,0.00039693461720505767,146238.99610221563
initial,9700,2173.578150756657,2173.578150756657,4.010457277297974,55.17209374198072,4.320209100842476,75.20435194140043,0.00039484197824518163,146233.34334187684
initial,9800,2195.5478529781103,2195.5478529781103,4.021380305290222,55.77804344432441,4.322812408208847,75.40038704389161,0.0003927343303726192,146262.53741835506
initial,9900,2217.841828547418,2217.841828547418,4.642078876495361,103.75982739405262,4.312989354133606,74.6633508643115,0.00039061191261585796,146269.763616312
initial,10000,2240.1244926527143,2240.1244926527143,3.8880594968795776,48.816066824525095,4.307756170630455,74.2736444402745,0.00038847496567843883,146277.58460511602
initial,10100,2263.7724163904786,2263.7724163904786,4.6033616065979,99.8193055103995,4.266878962516785,71.29876189313273,0.0003863237319116584,146197.02828948738
initial,10200,2286.395232990384,2286.395232990384,3.799020767211914,44.65743305269738,4.295711025595665,73.38437406769717,0.0003841584552870832,146183.64978081884
initial,10300,2308.5892916694283,2308.5892916694283,3.4560189247131348,31.69056253450934,4.282109886407852,72.3930200364565,0.0003819793813688816,146197.68064328734
initial,10400,2330.557350486517,2330.557350486517,4.147012948989868,63.24480241599465,4.295394837856293,73.36117449625876,0.0003797867572859735,146225.62278025845
initial,10500,2352.626210704446,2352.626210704446,3.523237705230713,33.89398975247376,4.267730966210365,71.35953458721703,0.0003775808317040044,146246.77665942398
initial,10600,2374.76828610152,2374.76828610152,4.2779552936553955,72.09288043071666,4.214805826544762,67.6810227369104,0.0003753618547971434,146263.02786374307
initial,10700,2397.1142347157,2397.1142347157,3.693245053291321,40.17500569150204,4.272125706076622,71.673831298996,0.00037313007821971114,146266.53787385463
initial,10800,2418.8008444458246,2418.8008444458246,4.554034233093262,95.01494861779656,4.264093309640884,71.10042466960134,0.0003708857550776401,146309.85465902684
initial,10900,2440.7853677868843,2440.7853677868843,4.448464870452881,85.49559639402514,4.247972339391708,69.96340638224825,0.00036862913989976916,146334.53834732517
initial,11000,2462.631746314466,2462.631746314466,4.8219780921936035,124.21054784649219,4.26663713157177,71.28152173085212,0.0003663604886089782,146366.99154854985
initial,11100,2486.542965359986,2486.542965359986,4.215176582336426,67.70612052036266,4.288452073931694,72.85360917241228,0.00036408005849316303,146277.30349607783
initial,11200,2507.3069788217545,2507.3069788217545,3.7592456340789795,42.91603936705711,4.218586400151253,67.9373801087495,0.00036178810817605713,146372.82275362354
initial,11300,2528.9597900807858,2528.9597900807858,4.135895490646362,62.54557497755556,4.231211170554161,68.8005108841994,0.0003594848975879007,146415.29748805208
initial,11400,2551.7343441024423,2551.7343441024423,4.290000915527344,72.96653530246047,4.265988826751709,71.23532455327724,0.0003571706879359619,146392.66852498153
initial,11500,2574.631451420486,2574.631451420486,3.6698906421661377,39.24761359160553,4.263706758618355,71.07294603903155,0.0003548457416749137,146363.47264075125
initial,11600,2596.805600643158,2596.805600643158,4.046971321105957,57.223881563602575,4.296089813113213,73.41217641783622,0.0003525103224770684,146375.5315014175
initial,11700,2618.7323017790914,2618.7323017790914,4.041742920875549,56.9254729875631,4.288386911153793,72.8488619835302,0.000350164695202475,146401.21853598356
initial,11800,2640.906621210277,2640.906621210277,3.754708766937256,42.72177600494476,4.221030414104462,68.10362308100137,0.00034780912586888094,146412.7496574642
initial,11900,2662.852755524218,2662.852755524218,3.967926263809204,52.87476874866674,4.253611043095589,70.35902363697203,0.0003454438816215635,146436.6361193093
initial,12000,2684.996414884925,2684.996414884925,3.68774151802063,39.954508444418174,4.250360861420631,70.13071525052757,0.00034306923070303214,146449.35755597748
initial,12100,2708.697560735047,2708.697560735047,3.9301252365112305,50.91335348071587,4.210955277085304,67.42091471218151,0.00034068544242260823,146377.6560910719
initial,12200,2730.9682335481048,2730.9682335481048,4.205186724662781,67.03311323324945,4.220845177769661,68.09100898380584,0.0003382927871258812,146383.83379531838
initial,12300,2752.977831199765,2752.977831199765,3.595391035079956,36.42994258853223,4.237349689006805,69.2241429963284,0.00033589153616405,146403.79425952362
initial,12400,2775.1595041900873,2775.1595041900873,3.3968764543533325,29.870651833995307,4.235559910535812,69.10035792249418,0.0003334819618631482,146414.3590256744
initial,12500,2796.8808233439922,2796.8808233439922,3.4407206773757935,31.209442004304012,4.237919747829437,69.26361607970334,0.00033106433749316,146448.85709154964
initial,12600,2818.5120595246553,2818.5120595246553,3.8040223121643066,44.88134870689483,4.182457372546196,65.52667899064954,0.00032863893723702835,146487.50520855747
initial,12700,2841.0875935703516,2841.0875935703516,3.846092104911804,46.80977763429597,4.223373904824257,68.26341044665175,0.00032620603615955994,146476.86362849028
initial,12800,2863.4273473620415,2863.4273473620415,4.17216682434082,64.85583115770332,4.174975872039795,65.03827040128547,0.00032376591017623034,146478.45016441715
initial,12900,2886.1815297827125,2886.1815297827125,3.6314741373062134,37.768451483720746,4.195355266332626,66.3773090120548,0.0003213188360218919,146458.97897899157
initial,13000,2908.280306376517,2908.280306376517,3.734401822090149,41.86297656414943,4.193245366215706,66.23740716137479,0.00031886509121938983,146472.81387079976
initial,13100,2931.961481809616,2931.961481809616,3.560728907585144,35.18883720970715,4.197355568408966,66.51021656440402,0.0003164049540480876,146407.3804049632
initial,13200,2953.7450616136193,2953.7450616136193,3.720486879348755,41.28448978162828,4.139457330107689,62.768749494597124,0.0003139387035123081,146437.01165045923
initial,13300,2976.0843064561486,2976.0843064561486,3.9178199768066406,50.29069031659681,4.145141035318375,63.12652434340959,0.0003114666193096908,146438.86231803615
initial,13400,2997.821611441672,2997.821611441672,3.306584596633911,27.291753763973404,4.187484860420227,65.8569430784129,0.0003089889817994723,146470.0895890994
initial,13500,3019.7892895042896,3019.7892895042896,3.615697741508484,37.17727700733889,4.1740163415670395,64.97589412969263,0.00030650607197068967,146489.69103159395
initial,13600,3041.6841710731387,3041.6841710731387,4.102359056472778,60.48280177679386,4.139233350753784,62.754692164974486,0.00030401817141031425,146512.51574313574
initial,13700,3064.4282654821873,3064.4282654821873,3.620590567588806,37.35962469184935,4.139642670750618,62.780384173140405,0.00030152556227131666,146494.40649554975
initial,13800,3086.407681249082,3086.407681249082,4.320981025695801,75.26242646144114,4.1423057317733765,62.947794980885845,0.0002990285272406674,146512.85465210915
initial,13900,3108.3577914088964,3108.3577914088964,4.028074502944946,56.15268525605807,4.123439967632294,61.77136871015933,0.0002965273495072779,146532.42340983887
initial,14000,3130.2516838163137,3130.2516838163137,3.919530987739563,50.376811894022495,4.171995863318443,64.84474428623994,0.000294022312729884,146554.34972586698
initial,14100,3153.5304200425744,3153.5304200425744,3.655542492866516,38.6885036604582,4.187426656484604,65.85311005668717,0.0002915137010048754,146511.60396726485
initial,14200,3175.411269403994,3175.411269403994,3.9994993209838867,54.57082072727993,4.156895533204079,63.87292311771385,0.00028900179883407733,146533.96379969866
initial,14300,3197.4122103080153,3197.4122103080153,4.0976890325546265,60.20100415881382,4.106664299964905,60.743756298839344,0.0002864868910924845,146550.51309598275
initial,14400,3219.8433658480644,3219.8433658480644,4.366718292236328,78.78465876890539,4.105716317892075,60.68619959250494,0.0002839692629959537,146547.25288965058
initial,14500,3242.4905549883842,3242.4905549883842,3.847459316253662,46.873820263115604,4.1076715141534805,60.80496909407393,0.00028144920006885723,146534.27417669134
initial,14600,3264.2430292516947,3264.2430292516947,4.002841114997864,54.753490221236795,4.0918905436992645,59.85293940714169,0.00027892698811170187,146561.636407836
initial,14700,3286.6683575958014,3286.6683575958014,4.453230857849121,85.90403987397508,4.09097146987915,59.79795540852294,0.00027640291316871575,146558.6264238586
initial,14800,3309.0570562705398,3309.0570562705398,3.371626853942871,29.125872075466116,4.115675613284111,61.29361105492581,0.0002738772614954088,146557.27953708346
initial,14900,3331.155684068799,3331.155684068799,3.7709338665008545,43.42059494711776,4.132141202688217,62.31120110736663,0.00027135031952610757,146568.71257474265
initial,15000,3353.0238590613008,3353.0238590613008,3.0663132667541504,21.462629645278632,4.133732318878174,62.410424385212885,0.0002688223738414715,146590.06934045616
initial,15100,3376.7249482274055,3376.7249482274055,4.0384910106658936,56.74065712592676,4.057013660669327,57.80143837037635,0.00026629371113599126,146531.5675947314
initial,15200,3399.223284162581,3399.223284162581,3.6137951612472534,37.10661149865573,4.055945068597794,57.73970520127245,0.00026376461818547497,146525.70848187263
initial,15300,3421.698030233383,3421.698030233383,4.081667900085449,59.24420089797234,4.096727654337883,60.14315603620743,0.00026123538181452505,146520.93655552782
initial,15400,3443.5603745803237,3443.5603745803237,3.6586108207702637,38.807394981295914,4.07906636595726,59.09027539547666,0.0002587062888640087,146542.28330801384
initial,15500,3465.7280761301517,3465.7280761301517,3.4394590854644775,31.170093250968165,4.040791243314743,56.87132406252785,0.0002561776261585285,146550.44736433218
initial,15600,3488.0506593585014,3488.0506593585014,4.730205535888672,113.31885104599934,4.1112266927957535,61.021526343300685,0.00025364968047389235,146551.99993397255
initial,15700,3509.951238669455,3509.951238669455,3.4661364555358887,32.012820254979886,4.081957817077637,59.26137928853457,0.00025112273850459125,146571.15299271778
initial,15800,3531.8951841965318,3531.8951841965318,3.296385407447815,27.01481468183612,4.096678048372269,60.140172650874625,0.0002485970868312842,146588.26862037217
initial,15900,3553.6643717959523,3553.6643717959523,4.055281400680542,57.70139792444017,4.075480490922928,58.878764504618395,0.0002460730118882982,146612.38245656024
initial,16000,3575.6342848166823,3575.6342848166823,3.8307366371154785,46.09648211013544,4.087164670228958,59.570749311221356,0.00024355079993114277,146627.97093827493
initial,16100,3599.21689376235,3599.21689376235,4.014986872673035,55.42256784754906,4.1033154129981995,60.54067256709202,0.00024103073700404635,146577.66274499882
continuation,16200,21.92747700214386,3621.927477002144,4.004883527755737,54.865433726710734,4.119761139154434,61.544539927745035,0.0002385131089075155,143460.5540661354
continuation,16300,44.4749973192811,3644.474997319281,3.9702831506729126,52.99953556943679,4.085165411233902,59.451770928749426,0.0002359982011659227,144407.60847928512
continuation,16400,66.95523668080568,3666.9552366808057,3.9915199279785156,54.1371113719822,4.0789846032857895,59.08544421421023,0.00023348629899512456,144862.87377698935
continuation,16500,89.07531480491161,3689.0753148049116,4.145045757293701,63.12051005938475,4.046461403369904,57.194709529768296,0.00023097768727011606,145675.91513338662
continuation,16600,110.85303818434477,3710.8530381843448,3.5282881259918213,34.06560165337837,4.1115363240242,61.040423438878555,0.00022847265049272207,146616.8926554087
continuation,16700,132.8471408188343,3732.8471408188343,3.7009472846984863,40.4856376259743,4.084021121263504,59.38377977177173,0.00022597147275933263,147009.0201386644
continuation,16800,154.5062214806676,3754.5062214806676,3.778176188468933,43.73620236152716,4.092585846781731,59.89456981160324,0.00022347443772868347,147609.12396562388
continuation,16900,176.74203342199326,3776.7420334219933,3.866954803466797,47.79661415765791,4.068767428398132,58.484831405268096,0.00022098182858968577,147578.52161699906
continuation,17000,198.73197154700756,3798.7319715470076,3.4067907333374023,30.168270710183048,4.07421413064003,58.80424996682727,0.0002184939280293104,147737.31559873963
continuation,17100,222.8920022174716,3822.8920022174716,3.489051580429077,32.754867612590296,4.079167425632477,59.096247341272964,0.00021601101820052773,146424.85004085858
continuation,17200,244.80989203602076,3844.8098920360208,3.5459526777267456,34.672701523340955,4.051164329051971,57.46432549307736,0.00021353338069030924,146700.47726141612
continuation,17300,266.6719371974468,3866.671937197447,3.7047371864318848,40.639365336645525,4.025952935218811,56.033679814971954,0.000211061296487692,146961.57537935048
continuation,17400,289.1402039602399,3889.14020396024,4.036483407020569,56.62685864518681,4.034456953406334,56.51222313382502,0.00020859504595191245,146874.51768499045
continuation,17500,311.5576626509428,3911.557662650943,4.343839168548584,77.00259853935312,4.017351403832436,55.553771292345374,0.00020613490878061022,146823.95422657268
continuation,17600,334.52668783068657,3934.5266878306866,3.6461042165756226,38.32506867147659,4.040479689836502,56.85360836354111,0.00020368116397810815,146538.16805435528
continuation,17700,356.63125844299793,3956.631258442998,3.738945245742798,42.05361053956453,4.056867241859436,57.79297577211709,0.00020123408982376974,146643.7020364523
continuation,17800,378.7774050310254,3978.7774050310254,3.5994627475738525,36.578577234344934,4.040569558739662,56.85871796455912,0.0001987939638404401,146720.81085577933
continuation,17900,400.93858809769154,4000.9385880976915,3.616690993309021,37.214221749343935,4.064761087298393,58.250989958575055,0.0001963610627629717,146783.8959558077
continuation,18000,422.97674921154976,4022.9767492115498,3.9215731620788574,50.47979524575627,4.081242233514786,59.21898798867142,0.00019393566250684008,146883.08072680118
continuation,18100,446.96651040017605,4046.966510400176,4.141876697540283,62.92079401452493,4.058039486408234,57.86076299676451,0.00019151803813685178,146330.71265550065
continuation,18200,469.2950088977814,4069.2950088977814,3.7379778623580933,42.012948246646076,4.05041828751564,57.42147070711512,0.00018910846383595002,146350.8596891125
continuation,18300,491.2549727037549,4091.254972703755,3.756102442741394,42.78135781969548,4.074808940291405,58.83923770674053,0.00018670721287411876,146478.98138100616
continuation,18400,513.6388249248266,4113.638824924827,3.674183487892151,39.41645969771231,4.018326014280319,55.607940971145865,0.00018431455757739185,146475.1579303045
continuation,18500,535.9732092916965,4135.973209291697,3.972916841506958,53.13930393301378,4.02914372086525,56.21275682248171,0.0001819307692969678,146485.17246553415
continuation,18600,557.7709352001548,4157.770935200155,3.3107203245162964,27.404858755493212,4.019614860415459,55.67965725665081,0.0001795561183784366,146635.33511413648
continuation,18700,580.0061816498637,4180.006181649864,3.628296375274658,37.64862282692059,4.022352933883667,55.83232115601303,0.00017719087413111903,146663.4851339433
continuation,18800,602.006718672812,4202.006718672812,3.3607226610183716,28.810003224471114,4.040794998407364,56.87153762001813,0.00017483530479752506,146746.74760235322
continuation,18900,624.1388873383403,4224.13888733834,3.798283815383911,44.62453479947811,4.0616088807582855,58.06765990595877,0.0001724896775229316,146793.17353660412
continuation,19000,646.3056137338281,4246.305613733828,3.447190046310425,31.412001909780447,4.022915259003639,55.86372590171657,0.00017015425832508636,146828.56837923374
continuation,19100,670.2577056959271,4270.257705695927,4.353314399719238,77.73568355154386,4.017349973320961,55.553691822094926,0.0001678293120640381,146470.42050500153
continuation,19200,696.0184976235032,4296.018497623503,3.3657724857330322,28.95585664794753,4.003322437405586,54.779850646404036,0.00016551510241209942,145757.22965178595
continuation,19300,718.3584302812815,4318.3584302812815,3.458831787109375,31.779829214764487,4.02856357395649,56.1801546233252,0.000163211891823943,145785.89682450463
continuation,19400,740.3401800021529,4340.340180002153,3.1922476291656494,24.3430802175803,3.998036488890648,54.49105113834783,0.00016091994150683705,145883.3802586345
continuation,19500,762.6653578728437,4362.665357872844,4.1430569887161255,62.995102716803515,4.019019246101379,55.646503530182876,0.00015863951139102187,145909.5091330388
continuation,19600,784.6018359214067,4384.601835921407,3.498578429222107,33.068409444944756,4.029169663786888,56.21421516454378,0.0001563708601002308,146006.44907422207
continuation,19700,806.7425206005573,4406.742520600557,3.49754798412323,33.03435181477718,4.029701456427574,56.2441174206654,0.00015411424492236,146061.13473761358
continuation,19800,828.6907133758068,4428.690713375807,3.7333920001983643,41.820723751457884,4.035182073712349,56.55321615499726,0.00015186992178028888,146146.8386759597
continuation,19900,850.5428770184517,4450.542877018452,3.6637120246887207,39.005865204793366,4.0271367728710175,56.100053875232646,0.00014963814520285672,146244.62959002776
continuation,20000,872.4104259684682,4472.410425968468,3.9194849729537964,50.374493869147706,4.004128664731979,54.82403346723641,0.0001474191682959956,146334.9407571319
continuation,20100,895.6873907968402,4495.68739079684,3.7980517148971558,44.61417862511297,4.013144001364708,55.320525242003555,0.00014521324271402655,146190.4335657886
continuation,20200,917.6217178180814,4517.621717818081,3.8701744079589844,47.950748343725856,4.024989902973175,55.97974354981828,0.0001430206186311185,146266.94790871185
continuation,20300,939.5736184343696,4539.57361843437,3.551340341567993,34.860010509459066,3.986033007502556,53.84087879259381,0.00014084154471291678,146337.1526215369
continuation,20400,962.0574463009834,4562.057446300983,2.9299052953720093,18.725856987374677,3.9946697503328323,54.307902495221796,0.00013867626808834158,146323.2040261753
continuation,20500,983.8580234050751,4583.858023405075,4.080774545669556,59.19129846331423,3.9928718954324722,54.21035248325177,0.0001365250343215612,146411.49898992322
continuation,20600,1005.7316399142146,4605.731639914215,3.61833119392395,37.27531062405085,3.9906214624643326,54.08849288866286,0.00013438808738414207,146485.32685375822
continuation,20700,1027.5920921340585,4627.5920921340585,3.3656634092330933,28.952698416699178,3.9876457154750824,53.92777846012954,0.00013226566962738082,146557.88921773122
continuation,20800,1049.2418137341738,4649.241813734174,3.3998948335647583,29.960948995505156,3.980186864733696,53.52703560826385,0.00013015802175481836,146656.8773620999
continuation,20900,1071.7381305843592,4671.738130584359,3.7766571044921875,43.669813834956145,3.9895697236061096,54.03163582354257,0.00012806538279494238,146635.9398021156
continuation,21000,1093.842988409102,4693.842988409102,3.514842987060547,33.6106502026131,3.9750539362430573,53.25298909444071,0.00012598799007407837,146668.33329830487
continuation,21100,1117.906284302473,4717.906284302473,3.624353289604187,37.5004633764062,3.9666475355625153,52.80719949889196,0.00012392607918947516,146442.44360979466
continuation,21200,1140.5020894557238,4740.502089455724,3.555735230445862,35.01355353706078,3.949086457490921,51.887943334493094,0.00012187988398258535,146414.22365099724
continuation,21300,1163.0273721441627,4763.027372144163,3.468253254890442,32.080656745021855,3.964132472872734,52.67455295878418,0.00011984963651254551,146395.97663647693
continuation,21400,1185.4675243720412,4785.467524372041,3.5925761461257935,36.32754053835502,3.95607191324234,52.25167319705493,0.00011783556702985817,146388.93468796305
continuation,21500,1207.9479585513473,4807.947958551347,3.5669604539871216,35.40880273248098,3.9673543125391006,52.84453560429135,0.00011583790395027944,146377.2729183216
continuation,21600,1229.807854861021,4829.807854861021,2.914207696914673,18.43420114079791,3.963428020477295,52.63745931066231,0.00011385687382891388,146439.890823719
continuation,21700,1252.9165809080005,4852.9165809080005,3.5327277183532715,34.21717525180249,3.9651288241147995,52.72706146916585,0.00011189270133452147,146354.29907640797
continuation,21800,1275.4333591759205,4875.4333591759205,3.8401702642440796,46.53339673894814,3.9670127481222153,52.82648887353808,0.00010994560922403715,146339.69439265376
continuation,21900,1297.216597393155,4897.216597393155,3.9956603050231934,54.36172409498034,3.9766384214162827,53.33743454970934,0.00010801581831730875,146408.33950295104
continuation,22000,1319.9614235460758,4919.961423546076,3.282618999481201,26.645465858123735,3.968237981200218,52.89125330275917,0.00010610354747205334,146368.0108778997
continuation,22100,1343.953596778214,4943.953596778214,3.6248292922973633,37.51831794704346,3.978935733437538,53.46010813508223,0.0001042090135590364,146193.23797414088
continuation,22200,1365.909089103341,4965.909089103341,3.3312976360321045,27.974619034403414,3.9399981945753098,51.41850846819839,0.00010233243143747705,146242.33017669534
continuation,22300,1388.6341266408563,4988.634126640856,3.5806115865707397,35.895487333293765,3.9791910648345947,53.4737599219699,0.00010047401393068023,146208.7990672794
continuation,22400,1410.9264094904065,5010.9264094904065,3.3212978839874268,27.696273791645055,3.9513915330171585,52.0076869187628,9.863397180190097e-05,146221.18248854196
continuation,22500,1433.5052575021982,5033.505257502198,3.427882671356201,30.81133591197584,3.9695968329906464,52.96317353040607,9.681251373044116e-05,146203.94791239794
continuation,22600,1456.5510558485985,5056.5510558485985,3.885116934776306,48.672633650262995,3.962043449282646,52.5646294314525,9.500984628798371e-05,146140.38220307045
continuation,22700,1478.9987084940076,5078.998708494008,3.390122652053833,29.669591083493113,3.949685737490654,51.91904806044991,9.322617391516499e-05,146137.87473829678
continuation,22800,1501.3187610208988,5101.318761020899,3.8920780420303345,49.01263107978777,3.947111889719963,51.78558816075334,9.146169889838922e-05,146147.86259701292
continuation,22900,1524.0523174107075,5124.0523174107075,3.4787516593933105,32.41922656806689,3.95527121424675,52.20985208010566,8.971662134688705e-05,146117.90255228378
continuation,23000,1546.3551066592336,5146.355106659234,3.542418122291565,34.55036526722178,3.946795865893364,51.76922526668847,8.799113917002157e-05,146129.51903924876
continuation,23100,1570.5332060158253,5170.533206015825,3.1994305849075317,24.518564980538557,3.962205544114113,52.573150576799456,8.628544805484273e-05,145966.30438751134
continuation,23200,1592.4944000169635,5192.4944000169635,3.3724100589752197,29.148692540432137,3.9431784003973007,51.58229019995878,8.45997414438952e-05,146011.0176824001
continuation,23300,1615.2160988375545,5215.2160988375545,4.061643958091736,58.069696800352176,3.937851518392563,51.308247969852225,8.293421051327943e-05,145985.74653243023
continuation,23400,1637.9526787996292,5237.952678799629,3.166708469390869,23.729250118770647,3.936749130487442,51.25171754281177,8.128904415097068e-05,145959.85042449817
continuation,23500,1660.6551733985543,5260.655173398554,3.605860471725464,36.81334707691727,3.949823886156082,51.926221103111494,7.966442893539724e-05,145937.65875189065
continuation,23600,1683.2254714816809,5283.225471481681,3.6507468223571777,38.50341052199401,3.9460299760103226,51.72959092051362,7.806054911428038e-05,145927.52555234445
continuation,23700,1705.4015902504325,5305.4015902504325,3.9218170642852783,50.49210888079673,3.9269207417964935,50.75046303874814,7.647758658373878e-05,145951.38729960317
continuation,23800,1728.6382233276963,5328.638223327696,3.7409708499908447,42.138880844509295,3.926932081580162,50.75103854128311,7.491572086765997e-05,145885.08144552002
continuation,23900,1750.9812116771936,5350.981211677194,3.5997772216796875,36.590082058603265,3.9270462691783905,50.756834011360844,7.33751290973402e-05,145894.95666564343
continuation,24000,1773.0886780917645,5373.088678091764,3.7902854681015015,44.269035869993154,3.927406221628189,50.77510734667586,7.185598599139618e-05,145923.96375710735
continuation,24100,1797.1592714190483,5397.159271419048,3.5591756105422974,35.13422092156873,3.9264748245477676,50.72783757681511,7.035846383595e-05,145792.82547011704
